Training Set Size,MAE
1000,0.02490655429438652
2000,0.024204918164709113
3000,0.02332029938062808
4000,0.023405731450821678
5000,0.023765137547831338
6000,0.02250208557029241
7000,0.0198702412388178
