Training Set Size,MAE
1000,0.04985196060813472
2000,0.03955279609137279
3000,0.03242434283245626
4000,0.02888323534591111
5000,0.027903550816794073
6000,0.026340012483919387
7000,0.02078448658504757
8000,0.02054508232331691
